{"tAverage loss": 108.13900807987271, "_timestamp": 1672925489.15054, "_runtime": 125.06635904312134, "_step": 5, "_wandb": {"runtime": 124}}